-- phpMyAdmin SQL Dump
-- version 4.2.7.1
-- http://www.phpmyadmin.net
--
-- Host: 127.0.0.1
-- Generation Time: Sep 10, 2014 at 04:08 PM
-- Server version: 5.6.20
-- PHP Version: 5.5.15

SET FOREIGN_KEY_CHECKS=0;
SET SQL_MODE = "NO_AUTO_VALUE_ON_ZERO";
SET time_zone = "+00:00";

--
-- Database: `blog`
--

-- --------------------------------------------------------

--
-- Table structure for table `comment`
--

DROP TABLE IF EXISTS `comment`;
CREATE TABLE IF NOT EXISTS `comment` (
`comment_id` int(10) unsigned NOT NULL,
  `comment_text` text NOT NULL,
  `comment_author` varchar(255) NOT NULL,
  `comment_created` timestamp NOT NULL DEFAULT CURRENT_TIMESTAMP,
  `post_id` int(10) unsigned NOT NULL
) ENGINE=InnoDB  DEFAULT CHARSET=latin1 AUTO_INCREMENT=7 ;

--
-- Dumping data for table `comment`
--

INSERT INTO `comment` (`comment_id`, `comment_text`, `comment_author`, `comment_created`, `post_id`) VALUES
(1, 'bla-bla-bla', 'mjau', '2014-09-10 13:56:59', 1),
(2, 'urrrrrrr', 'nomuidugi', '2014-09-10 13:56:59', 2),
(5, 'ei kommentaari siin midagi', 'erakeskkond', '2014-09-10 14:00:21', 2),
(6, 'seda ma arvasin', 'eiütle', '2014-09-10 14:00:21', 2);

-- --------------------------------------------------------

--
-- Table structure for table `post`
--

DROP TABLE IF EXISTS `post`;
CREATE TABLE IF NOT EXISTS `post` (
`post_id` int(10) unsigned NOT NULL,
  `post_subject` varchar(255) CHARACTER SET utf8 NOT NULL,
  `post_text` text CHARACTER SET utf8 NOT NULL,
  `post_created` timestamp NOT NULL DEFAULT CURRENT_TIMESTAMP,
  `user_id` int(10) unsigned NOT NULL
) ENGINE=InnoDB  DEFAULT CHARSET=latin1 AUTO_INCREMENT=3 ;

--
-- Dumping data for table `post`
--

INSERT INTO `post` (`post_id`, `post_subject`, `post_text`, `post_created`, `user_id`) VALUES
(1, 'Tere maailm', 'klaabu', '2014-09-04 11:38:04', 1),
(2, 'tip of the day', 'try not. do. or do not. there is no try', '2014-09-04 11:42:57', 1);

-- --------------------------------------------------------

--
-- Table structure for table `post_tags`
--

DROP TABLE IF EXISTS `post_tags`;
CREATE TABLE IF NOT EXISTS `post_tags` (
  `post_id` int(11) unsigned NOT NULL,
  `tag_id` int(11) unsigned NOT NULL
) ENGINE=InnoDB DEFAULT CHARSET=latin1;

--
-- Dumping data for table `post_tags`
--

INSERT INTO `post_tags` (`post_id`, `tag_id`) VALUES
(1, 1),
(2, 1),
(1, 2);

-- --------------------------------------------------------

--
-- Table structure for table `tag`
--

DROP TABLE IF EXISTS `tag`;
CREATE TABLE IF NOT EXISTS `tag` (
`tag_id` int(10) unsigned NOT NULL,
  `tag_name` varchar(25) NOT NULL
) ENGINE=InnoDB  DEFAULT CHARSET=latin1 AUTO_INCREMENT=3 ;

--
-- Dumping data for table `tag`
--

INSERT INTO `tag` (`tag_id`, `tag_name`) VALUES
(1, 'day'),
(2, 'coffee');

-- --------------------------------------------------------

--
-- Table structure for table `user`
--

DROP TABLE IF EXISTS `user`;
CREATE TABLE IF NOT EXISTS `user` (
`user_id` int(10) unsigned NOT NULL,
  `username` varchar(25) NOT NULL,
  `password` varchar(255) NOT NULL,
  `deleted` tinyint(3) unsigned NOT NULL DEFAULT '0'
) ENGINE=InnoDB  DEFAULT CHARSET=utf8 AUTO_INCREMENT=2 ;

--
-- Dumping data for table `user`
--

INSERT INTO `user` (`user_id`, `username`, `password`, `deleted`) VALUES
(1, 'demo', 'demo', 0);

--
-- Indexes for dumped tables
--

--
-- Indexes for table `comment`
--
ALTER TABLE `comment`
 ADD PRIMARY KEY (`comment_id`), ADD KEY `post_id` (`post_id`);

--
-- Indexes for table `post`
--
ALTER TABLE `post`
 ADD PRIMARY KEY (`post_id`), ADD KEY `user_id` (`user_id`);

--
-- Indexes for table `post_tags`
--
ALTER TABLE `post_tags`
 ADD PRIMARY KEY (`post_id`,`tag_id`), ADD KEY `tag_id` (`tag_id`);

--
-- Indexes for table `tag`
--
ALTER TABLE `tag`
 ADD PRIMARY KEY (`tag_id`);

--
-- Indexes for table `user`
--
ALTER TABLE `user`
 ADD PRIMARY KEY (`user_id`);

--
-- AUTO_INCREMENT for dumped tables
--

--
-- AUTO_INCREMENT for table `comment`
--
ALTER TABLE `comment`
MODIFY `comment_id` int(10) unsigned NOT NULL AUTO_INCREMENT,AUTO_INCREMENT=7;
--
-- AUTO_INCREMENT for table `post`
--
ALTER TABLE `post`
MODIFY `post_id` int(10) unsigned NOT NULL AUTO_INCREMENT,AUTO_INCREMENT=3;
--
-- AUTO_INCREMENT for table `tag`
--
ALTER TABLE `tag`
MODIFY `tag_id` int(10) unsigned NOT NULL AUTO_INCREMENT,AUTO_INCREMENT=3;
--
-- AUTO_INCREMENT for table `user`
--
ALTER TABLE `user`
MODIFY `user_id` int(10) unsigned NOT NULL AUTO_INCREMENT,AUTO_INCREMENT=2;
--
-- Constraints for dumped tables
--

--
-- Constraints for table `comment`
--
ALTER TABLE `comment`
ADD CONSTRAINT `comment_ibfk_1` FOREIGN KEY (`post_id`) REFERENCES `post` (`post_id`);

--
-- Constraints for table `post`
--
ALTER TABLE `post`
ADD CONSTRAINT `post_ibfk_1` FOREIGN KEY (`user_id`) REFERENCES `user` (`user_id`);

--
-- Constraints for table `post_tags`
--
ALTER TABLE `post_tags`
ADD CONSTRAINT `post_tags_ibfk_1` FOREIGN KEY (`post_id`) REFERENCES `post` (`post_id`),
ADD CONSTRAINT `post_tags_ibfk_2` FOREIGN KEY (`tag_id`) REFERENCES `tag` (`tag_id`);
SET FOREIGN_KEY_CHECKS=1;
